fipscode,county,premature_death_rate,preventable_hosp_rate,adult_obesity_pct,low_birthweight_pct,premature_death_rate_percentile,preventable_hosp_rate_percentile,adult_obesity_pct_percentile,low_birthweight_pct_percentile
27001,Aitkin,8486.26933700188,3895.0,36.2,5.59796437659033,87.4,90.7,21.8,19.5
27003,Anoka,5974.642204276187,2093.0,35.9,7.0220975096457305,27.6,53.5,20.7,69.0
27005,Becker,7481.488529700361,2289.0,39.29999999999999,5.7758952637658805,72.39999999999999,65.10000000000001,67.2,27.6
27007,Beltrami,12083.614503174593,2679.0,41.1,6.658415841584151,97.7,81.39999999999999,87.4,54.0
27009,Benton,6253.888042613863,2411.0,37.2,7.21292556260819,41.4,73.3,32.800000000000004,78.2
27011,Big Stone,8799.16591560105,430.0,42.6,6.89655172413793,88.5,1.2,96.0,63.2
27013,Blue Earth,5996.6349488511005,2035.0,42.1,7.046070460704599,31.0,47.699999999999996,93.10000000000001,71.3
27015,Brown,5826.564399448517,1666.0,39.89999999999999,5.90238365493757,24.099999999999998,22.1,74.7,31.0
27017,Carlton,8199.629582100342,4036.0,41.2,5.718888441401529,82.8,91.9,90.2,25.3
27019,Carver,3992.693183293828,2622.0,33.1,5.5228998285574304,2.3,79.10000000000001,7.5,14.899999999999999
27021,Cass,12470.595740391356,1992.0,38.1,5.72033898305084,98.9,46.5,45.4,26.400000000000002
27023,Chippewa,7577.0200771063155,1319.0,41.6,7.1362372567191805,74.7,7.000000000000001,92.0,75.9
27025,Chisago,5665.773600080178,1848.0,38.29999999999999,7.24982172569527,20.7,37.2,50.6,79.3
27027,Clay,6957.465959921483,2947.0,35.099999999999994,7.25452309854206,62.1,82.6,17.8,80.5
27029,Clearwater,10205.992540508636,1506.0,39.2,5.0408719346049,95.39999999999999,14.000000000000002,64.4,6.9
27031,Cook,4538.041415490447,2225.0,34.8,8.4,4.6,59.3,14.399999999999999,95.39999999999999
27033,Cottonwood,7246.898476815081,1761.0,39.29999999999999,7.29483282674772,66.7,29.099999999999998,67.2,82.8
27035,Crow Wing,7028.779178829406,1767.0,38.6,6.17088607594936,64.4,30.2,57.49999999999999,37.9
27037,Dakota,5063.92109046604,2050.0,32.89999999999999,6.86378947974548,11.5,50.0,5.7,62.1
27039,Dodge,4641.680670062099,2640.0,37.6,7.002801120448179,5.7,80.2,35.6,67.80000000000001
27041,Douglas,5885.08849550363,1591.0,38.6,5.87813620071684,25.3,18.6,57.49999999999999,29.9
27043,Faribault,5996.232843117138,1199.0,37.2,7.039337474120081,29.9,4.7,32.800000000000004,70.1
27045,Fillmore,5651.435326372047,1852.0,37.2,5.58858501783591,19.5,38.4,32.800000000000004,18.4
27047,Freeborn,7968.576925421239,2063.0,40.6,7.1462601238685,80.5,51.2,81.6,77.0
27049,Goodhue,6366.15075630364,3694.0,36.4,6.45987478656801,47.099999999999994,86.6,23.0,50.6
27051,Grant,6552.602857740007,1831.0,38.0,7.510729613733901,50.6,33.7,43.1,87.4
27053,Hennepin,6629.300117785528,2159.0,27.39999999999999,7.7531400217087905,51.7,55.800000000000004,1.0999999999999999,88.5
27055,Houston,6005.648298382214,1559.0,38.4,5.06535947712418,32.2,16.3,54.0,8.0
27057,Hubbard,6109.263195018879,2049.0,40.0,6.373937677053821,36.8,48.8,76.4,48.3
27059,Isanti,6792.778494194724,2256.0,38.6,6.17592014971927,57.49999999999999,61.6,57.49999999999999,40.2
27061,Itasca,8996.805904498608,3384.0,34.599999999999994,7.504488330341109,94.3,84.89999999999999,11.5,86.2
27063,Jackson,7403.562677067175,1478.0,40.0,5.43478260869565,70.1,11.600000000000001,76.4,12.6
27065,Kanabec,7590.656160419369,4794.0,37.79999999999999,6.48888888888888,75.9,97.7,38.5,51.7
27067,Kandiyohi,6297.384101360915,1412.0,36.6,6.17219917012448,43.7,9.3,25.3,39.1
27069,Kittson,6832.836123854018,1253.0,39.29999999999999,4.41640378548895,58.599999999999994,5.800000000000001,67.2,3.4000000000000004
27071,Koochiching,8426.72289978042,1675.0,36.9,7.85498489425981,85.1,24.4,29.299999999999997,90.8
27073,Lac qui Parle,8433.630008911747,2605.0,35.099999999999994,4.33070866141732,86.2,77.9,17.8,2.3
27075,Lake,5544.87154030609,4165.0,34.7,5.52050473186119,16.1,93.0,12.6,13.8
27077,Lake of the Woods,6351.994099004317,1671.0,38.29999999999999,5.6000000000000005,46.0,23.3,50.6,20.7
27079,Le Sueur,6245.668065888353,4530.0,38.7,6.202290076335871,40.2,94.19999999999999,59.8,41.4
27081,Lincoln,6780.604062712713,2306.0,38.2,7.093821510297479,56.3,66.3,47.699999999999996,74.7
27083,Lyon,7040.843263581866,1105.0,45.5,5.79399141630901,65.5,3.5000000000000004,100.0,28.7
27087,Mahnomen,18860.10965010832,1384.0,44.29999999999999,8.51063829787234,100.0,8.1,98.9,98.9
27089,Marshall,6720.977364634073,2451.0,42.2,4.9062049062049,55.2,74.4,94.3,4.6
27091,Martin,6961.723741939991,1884.0,38.0,6.330749354005159,63.2,39.5,43.1,46.0
27085,McLeod,6092.887875084895,4631.0,40.29999999999999,5.997109826589591,34.5,96.5,78.2,33.300000000000004
27093,Meeker,5823.294516113123,6229.0,41.1,5.60799555802332,23.0,100.0,87.4,21.8
27095,Mille Lacs,10212.629415590529,4539.0,42.6,7.91123974915581,96.6,95.3,96.0,92.0
27097,Morrison,7532.803699876592,1917.0,39.79999999999999,6.21761658031088,73.6,41.9,73.6,42.5
27099,Mower,6865.794317014929,2567.0,40.7,6.75904977375565,59.8,76.7,83.89999999999999,58.599999999999994
27101,Murray,5202.368877316757,1482.0,40.5,6.14203454894433,13.8,12.8,79.9,36.8
27103,Nicollet,4831.957258327128,2347.0,36.5,6.704896338773709,8.0,69.8,24.099999999999998,57.49999999999999
27105,Nobles,6296.563810328066,1842.0,40.7,8.43701399688958,42.5,36.0,83.89999999999999,97.7
27107,Norman,7356.793405239566,1979.0,37.9,8.2135523613963,69.0,45.300000000000004,40.8,94.3
27109,Olmsted,5650.036993671337,2196.0,35.4,7.07725947521865,18.4,58.099999999999994,19.5,73.6
27111,Otter Tail,6667.709403239915,1570.0,38.2,6.30758327427356,54.0,17.4,47.699999999999996,44.800000000000004
27113,Pennington,6462.638020374796,982.0,30.5,5.67107750472589,49.4,2.3,2.3,23.0
27115,Pine,8973.775653677343,3694.0,38.9,7.4116965836711,93.10000000000001,86.6,62.1,85.1
27117,Pipestone,8809.857995103122,2265.0,39.5,8.15217391304347,89.7,62.8,70.1,93.10000000000001
27119,Polk,7354.651667273633,1516.0,38.79999999999999,5.52763819095477,67.80000000000001,15.1,60.9,16.1
27121,Pope,7647.062564754631,2336.0,38.1,5.91016548463357,77.0,68.60000000000001,45.4,32.2
27123,Ramsey,7931.459564193693,2270.0,32.6,8.435815363881401,79.3,64.0,4.6,96.6
27125,Red Lake,7462.331675585281,,36.8,9.15032679738562,71.3,,27.6,100.0
27127,Redwood,6640.009525735218,1932.0,39.0,6.27871362940275,52.900000000000006,43.0,63.2,43.7
27129,Renville,6899.868063594849,1651.0,38.4,7.8207381370826,60.9,20.9,54.0,89.7
27131,Rice,5073.082318871501,3324.0,35.0,6.333122229259019,12.6,83.7,16.1,47.099999999999994
27133,Rock,6204.850880086591,2501.0,37.79999999999999,6.6153846153846105,37.9,75.6,38.5,52.900000000000006
27135,Roseau,7743.75214259234,1612.0,33.29999999999999,6.403508771929819,78.2,19.8,9.2,49.4
27139,Scott,4397.873570770258,2402.0,33.6,6.675760934436011,3.4000000000000004,72.1,10.299999999999999,55.2
27141,Sherburne,4897.379363976677,2238.0,37.7,6.76021964612568,9.2,60.5,36.8,59.8
27143,Sibley,6096.986848461349,5486.0,40.7,5.0251256281407,35.6,98.8,83.89999999999999,5.7
27137,St. Louis,8928.657675307957,3832.0,36.7,7.25483922572388,92.0,89.5,26.400000000000002,81.6
27145,Stearns,6228.654223810481,1772.0,38.4,6.78243541384954,39.1,31.4,54.0,60.9
27147,Steele,6044.745463073487,1791.0,36.9,6.08475190148496,33.300000000000004,32.6,29.299999999999997,35.6
27149,Stevens,3396.373835388857,3719.0,37.9,6.99300699300699,1.0999999999999999,88.4,40.8,66.7
27151,Swift,6460.092540231333,1421.0,39.7,6.94980694980695,48.3,10.5,72.39999999999999,65.5
27153,Todd,6306.317175034134,2392.0,40.5,5.26550647032574,44.800000000000004,70.89999999999999,79.9,9.2
27155,Traverse,8410.014640966152,1731.0,38.29999999999999,4.044117647058821,83.89999999999999,26.700000000000003,50.6,1.0999999999999999
27157,Wabasha,5905.411112462549,1683.0,33.1,5.55196901226597,26.400000000000002,25.6,7.5,17.2
27159,Wadena,5749.54975461341,1732.0,42.9,7.35294117647058,21.8,27.900000000000002,97.7,83.89999999999999
27161,Waseca,5994.558500058864,1896.0,41.2,6.67666916729182,28.7,40.699999999999996,90.2,56.3
27163,Washington,4742.089060692273,1832.0,30.9,6.913838120104431,6.9,34.9,3.4000000000000004,64.4
27165,Watonwan,5476.221931886664,2076.0,39.29999999999999,5.43024227234753,14.899999999999999,52.300000000000004,67.2,11.5
27167,Wilkin,8050.110954693141,1946.0,41.1,5.6768558951965,81.6,44.2,87.4,24.099999999999998
27169,Winona,5642.572794730786,2189.0,34.8,7.05882352941176,17.2,56.99999999999999,14.399999999999999,72.39999999999999
27171,Wright,4964.282125584682,2122.0,37.2,5.31998738965952,10.299999999999999,54.7,32.800000000000004,10.299999999999999
27173,Yellow Medicine,8825.456541180947,2328.0,39.6,6.00490196078431,90.8,67.4,71.3,34.5
